{"cameraMode":{"drawMode":0,"name":"Shaded","section":"Shading Mode"},"sceneLighting":true,"audioPlay":false,"sceneViewState":{"showFog":false,"showMaterialUpdate":false,"showSkybox":false,"showFlares":false,"showImageEffects":false,"showParticleSystems":false},"in2DMode":false,"pivot":{"x":-1.149999976158142,"y":0.20000000298023225,"z":6.529999732971191},"rotation":{"x":-0.019896892830729486,"y":-0.7797546982765198,"z":0.02481101267039776,"w":-0.6252768039703369},"size":1.1431541442871094,"orthographic":false}