{"cameraMode":{"drawMode":0,"name":"Shaded","section":"Shading Mode"},"sceneLighting":true,"audioPlay":false,"sceneViewState":{"showFog":false,"showMaterialUpdate":false,"showSkybox":false,"showFlares":false,"showImageEffects":false,"showParticleSystems":false},"in2DMode":false,"pivot":{"x":-1.149999976158142,"y":1.869999885559082,"z":6.53000020980835},"rotation":{"x":0.013502821326255799,"y":-0.551630437374115,"z":-0.008933019824326039,"w":-0.8339315056800842},"size":1.1431533098220826,"orthographic":false}