{"cameraMode":{"drawMode":0,"name":"Shaded","section":"Shading Mode"},"sceneLighting":true,"audioPlay":false,"sceneViewState":{"showFog":false,"showMaterialUpdate":false,"showSkybox":false,"showFlares":false,"showImageEffects":false,"showParticleSystems":false},"in2DMode":false,"pivot":{"x":13.271366119384766,"y":-2.3894643783569338,"z":7.831439971923828},"rotation":{"x":-0.18751895427703858,"y":-0.6683419346809387,"z":0.17980490624904633,"w":-0.697012186050415},"size":18.08735466003418,"orthographic":false}