{"cameraMode":{"drawMode":0,"name":"Shaded","section":"Shading Mode"},"sceneLighting":true,"audioPlay":false,"sceneViewState":{"showFog":true,"showMaterialUpdate":true,"showSkybox":true,"showFlares":true,"showImageEffects":true,"showParticleSystems":true},"in2DMode":false,"pivot":{"x":-13.592612266540528,"y":5.398865222930908,"z":-11.946457862854004},"rotation":{"x":-0.03344287350773811,"y":0.6986622214317322,"z":-0.032728053629398349,"w":-0.7139199376106262},"size":10.0,"orthographic":false}