{"cameraMode":{"drawMode":0,"name":"Shaded","section":"Shading Mode"},"sceneLighting":true,"audioPlay":false,"sceneViewState":{"showFog":false,"showMaterialUpdate":false,"showSkybox":false,"showFlares":false,"showImageEffects":false,"showParticleSystems":false},"in2DMode":false,"pivot":{"x":9.507001876831055,"y":1.9371330738067628,"z":-0.7648137211799622},"rotation":{"x":-0.24237824976444245,"y":-0.44995221495628359,"z":0.1283183991909027,"w":-0.8499001264572144},"size":1.4289418458938599,"orthographic":false}